{
  "id": "d58f1a5a-abc5-4b64-bc29-08427b4ac9bf",
  "name": "Send email to terence.jee@iomer.com when submitted",
  "form": "a67a522d-b465-4fa9-a2b2-f450f503227a",
  "active": true,
  "workflowTypeId": "e96badd7-05be-4978-b8d9-b3d733de70a5",
  "executesOn": "Submitted",
  "settings": {
    "Email": "terence.jee@iomer.com",
    "Subject": "the form Terence Test Form was submitted",
    "Message": "the form Terence Test Form was submitted, this is the list of values it contained, you can turn this email off under workflows in Umbraco Contour"
  },
  "sortOrder": 0
}